Newark,Ohio,47777
Midwest City,Oklahoma,56756
San Marcos,California,89387
Port Orange,Florida,57203
Lakewood,California,81121
Westerville,Ohio,37530
Rockford,Illinois,150251
El Cajon,California,102211
St. Petersburg,Florida,249688
Downers Grove,Illinois,49670
Milford,Connecticut,51644
Albany,Oregon,51583
Las Vegas,Nevada,603488
Pasadena,Texas,152735
Port St. Lucie,Florida,171016
Cedar Rapids,Iowa,128429
Ormond Beach,Florida,38661
Quincy,Massachusetts,93494
Miramar,Florida,130288
El Paso,Texas,674433
Topeka,Kansas,127679
Rosemead,California,54561
Keizer,Oregon,37064
Minnetonka,Minnesota,51368
Akron,Ohio,198100
Edinburg,Texas,80836
Rancho Cucamonga,California,171386
North Charleston,South Carolina,104054
Louisville,Kentucky,609893
Watsonville,California,52477
Coconut Creek,Florida,56792
Bradenton,Florida,51763
Carlsbad,California,110972
Texas City,Texas,46081
Redding,California,91119
Wyoming,Michigan,74100
Lorain,Ohio,63710
Roy,Utah,37733
Fort Lauderdale,Florida,172389
Warner Robins,Georgia,72531
Clearwater,Florida,109703
Cutler Bay,Florida,43328
Florence,Alabama,40059
Terre Haute,Indiana,61025
Temple,Texas,70190
Beavercreek,Ohio,45712
Sioux Falls,South Dakota,164676
Columbus,Indiana,45775
Margate,Florida,55456
Leominster,Massachusetts,41002
Warwick,Rhode Island,81971
Bakersfield,California,363630
Miami,Florida,417650
Lake Charles,Louisiana,74024
Richland,Washington,52413
Hickory,North Carolina,40361
South San Francisco,California,66174
Plymouth,Minnesota,73987
South Bend,Indiana,100886
Edmond,Oklahoma,87004
Des Moines,Iowa,207510
Bonita Springs,Florida,47547
Draper,Utah,45285
Whittier,California,86635
Livonia,Michigan,95208
Milwaukee,Wisconsin,599164
Auburn,Washington,74860
Sumter,South Carolina,41190
Beverly,Massachusetts,40664
Renton,Washington,97003
Centennial,Colorado,106114
Richmond,Virginia,214114
Anderson,Indiana,55670
Beaumont,California,40481
Pflugerville,Texas,53752
Hoboken,New Jersey,52575
Lexington-Fayette,Kentucky,308428
Norwalk,California,106589
Yuma,Arizona,91923
Highland,California,54291
Carol Stream,Illinois,40379
Joliet,Illinois,147806
Rock Hill,South Carolina,69103
Rancho Cordova,California,67911
Dearborn Heights,Michigan,56620
Honolulu,Hawaii,347884
Victoria,Texas,65098
Attleboro,Massachusetts,43886
Wylie,Texas,44575
Carrollton,Texas,126700
Plainfield,Illinois,41734
Hoffman Estates,Illinois,52398
Methuen,Massachusetts,48514
North Port,Florida,59212
Rockville,Maryland,64072
Burbank,California,104709
Fullerton,California,138981
Oshkosh,Wisconsin,66778
Huntsville,Texas,39795
Farmington Hills,Michigan,81295
